Category,MAE,RMSE,WMAPE
Clothing,8.34744906331191,10.026034704334519,0.061070361340679065
Electronics,8.274644308243234,9.951687773748457,0.06129062880018281
Furniture,8.353043744472414,10.036533784233885,0.06063227617348397
Groceries,8.328186297994662,10.003532276363353,0.06082690571572252
Toys,8.386457693095677,10.0580100338155,0.061694963790232024
